model,title,price,rating,reviews
pen,Shop on eBay,$20.00,,
pen,PERSONALISED ENGRAVED PARKER JOTTER BALLPEN - SILVER GOLD clip CHRISTMAS GIFT,"269,946.17 VND,1,681,233.07 VND",,
pen,32 Ballpoint Pens Set | High Quality Medium Ball Point Pen Biros Black Blue Red,"119,809.26 VND",5.0 out of 5 stars.,6 product ratings
pen,"PARKER JOTTER BALLPOINT PEN BLACK, BLUE, RED,STAINLESS STEEL SILVER ,GOLD, WHITE","44,740.79 VND,1,741,287.83 VND",,
pen,1Pc Students Ball-point Pen Short Spin Office School Teens Roller Ball ,"23,571.43 VND",,
pen,Black Gel Pen 0.5mm Full Matte Water Pens Writing Stationery Supply O NICE,"24,523.81 VND",,
pen,VINTAGE TIFFANY & CO DESIGNER CLASSIC T CLIP PEN TWO TONE STAINLESS STEEL BOX,"500,000.00 VND",,
pen,Signature Business Ballpoint Pen Smooth Writing Office School Supply R0W2,"25,488.74 VND",,
pen,Rainbow Colour Stationery Refill Ink Highlighters Gel Pen Drawing DIY Great,"23,571.43 VND",,
pen,"VINTAGE CROSS CENTURY 10K ROLLED GOLD  BALLPOINT PEN, IRELAND","299,973.55 VND",,
pen,Stainless Steel Ballpoint Pen Office Ball Point Writing Pen For Student Xmas,"34,761.90 VND",,
pen,"Black Gel Pen Full Matte Water Pen Writing Stationery Supply Home Office XE,r","25,129.74 VND",,
pen,Vintage Eversharp Green Peal & Gold Nib FL Fountain Pen USA,"250,000.00 VND",,
pen,Vintage Beautiful Patterned Diamond Fountain Pen with Iridium Tipped Nib,"333,333.33 VND",,
pen,5/10/10pcs Student Ball-point Pen Short Spin Office School Teens Roller- E8G2,"26,386.21 VND,107,698.86 VND",,
pen,PERSONALISED ENGRAVED PARKER CLASSIC STEEL SILVER BALL POINT PEN -CHRISTMAS GIFT,"263,940.69 VND,3,602,985.45 VND",,
pen,Zonon 4 Pieces Lighted Tip Pen Ballpoint Pen with Light Flashlight LED Light Pen,"265,742.33 VND",,
pen,Luxury Full Metal Ballpoint Pen 1mm Black Ink Gel Pen Stationery Office 2023,"30,476.19 VND,31,904.76 VND",,
pen,PARKER 14K Gold 585 75 Perle Fountain Pen Stripe XF Converter,"29,761.90 VND",,
pen,Luxury Great Character Shakespere Series Black Silve Clip 0.7 Ink Ballpoint Pen,238.10 VND,,
pen,Erasable Pen Creative Student Gel Pens Pens Signature Cute School Supply,"27,822.21 VND",,
pen,conway Stewart 100 fountain pen,"2,166,666.67 VND",,
pen,Personalised Pen with your message Laser Engraved Promotional Gift High Quality,"42,638.88 VND,87,079.40 VND",,
pen,MONTBLANC 14K Gold 585 MEISTERSTUCK 146 Piston Fountain Pen Black,"1,047,619.05 VND",,
pen,Vintage Sheaffer Fountain Pen and Pencil set,"475,952.38 VND",,
pen,10 RECEPTION PEN Ball Point REFILLS Black Ink LENGTH 107mm ,"88,580.79 VND",5.0 out of 5 stars.,294 product ratings
pen,SAILOR 14K Gold 585 1911 Fountain Pen Black EF Japan,"29,761.90 VND",,
pen," HIGH QUALITY BIROS PENS BALLPOINT PEN BLACK, BLUE, RED ,GREEN , PURPLE, PINK","47,743.55 VND,227,907.83 VND",,
pen,0.5 Black Gel Pen Full Matte Water Pens Writing Stationery Supply Office-20 NICE,"25,476.19 VND",,
pen,Parker Urban Rollerball Pen Night Sky Blue Fine Nib Black Ink Point Gift Boxed,"630,274.71 VND",,
pen,6pk Jumbo 10 in 1 Multi Colour Pens Retractable Ball Point Pen Drawing & Writing,"149,836.64 VND",,
pen, Black Velvet Pen Pouch With Drawstring Pen Pouches + FREE Delivery,"29,727.12 VND,179,864.02 VND",,
pen,10 Pack Black Ink Pens - Smooth Writing Handwriting Office Biro,"113,203.24 VND",,
pen,NOS 1940´s German WELTPEN Pistonfiller Fountain Pen Flexy F Nib - W110,"475,952.38 VND",,
pen,Personalised Pen with your message Laser Engraved Promotional Gift Christmas,"50,145.74 VND,119,809.26 VND",,
pen,Luxury Rouge Noir Spider Series Black Grid 0.7mm Black Ink Ballpoint Pen NO BOX,"833,095.24 VND",,
pen,Creative Rifle Shape Black Ink Ballpoint Pen Stationery Office Ball Point US NEW,"33,809.52 VND",,
pen,FERRARI Formula Ballpoint Pen | CARTIER | COLLECTORS ITEM USED,"2,976,190.48 VND",,
pen,AUTHENTIC Montblanc Starwalker Midnight Black Resin Ballpoint Pen 105657,"2,738,095.24 VND",,
pen,Parker IM RollerBall Pen Metallic Pursuit Fine Point Nib Black Ink Gift Boxed,"750,384.24 VND",,
pen,SIGNATURE BUSINESS  BALLPOINT PENS SMOOTH WRITING OFFICE SCHOOLS-POR E1G9,"25,488.74 VND",,
pen,1.0mm Blue Ink Metal Ballpoint Pen NEW,"23,571.43 VND",,
pen,Luxury MB163 Metal Series Silver Stripes Color 0.7mm Ink Ballpoint Pen No Box,"616,428.57 VND",,
pen,Montblanc Starwalker Cool Blue Rollerball Pen,"2,357,142.86 VND",,
pen,Luxury Mb163 Series Metal Gold Color 0.7mm Black Ink Refill Ballpoint Pen No Box,"616,428.57 VND",,
pen,Mont blanc Meisterstück 163 Series Metal Gold Color Rollerball Pen No Box,238.10 VND,,
pen,Sheaffer Snorkel 14k Gold Medium Rigid Nib Fountain Pen,"1,428,571.43 VND",,
pen,Hugo boss pen,"540,492.86 VND",,
pen,Luxury Great Character Shakespere Series Black Color+Siver Clip Rollerball Pen,"634,047.62 VND",,
pen,Stainless Steel Ballpoint Pen Office Student Ball Point Writing Pens Stationery！,"38,333.33 VND",,
pen,1PCS SIGNATURE BUSINESS BALLPOINT PEN SMOOTH WRITING SUPPLY SCHOOL OFFICE NEW,"25,847.71 VND",,
pen,Vintage Cross Black 2501 Classic Ballpoint Pen and Mechanical Pencil Set. (READ),"47,619.05 VND",,
pen,BALLPOINT PEN ,"357,142.86 VND",,
pen,1x Black Gel Pen Full Matte Water Pen Writing Stationery Supply Home Office,"25,129.74 VND",,
pen,2 Pack Genuine Parker Ballpoint Refill BLACK Biro Medium Quink Flow Ball Pen,"113,803.79 VND",,
pen,Multi-color 6 in 1 Color Ballpoint Pen For Kids School Office Pen With Note ,"23,571.43 VND,95,000.00 VND",,
pen,Black Or Blue Ballpoint Pen Refills Parker Or Cross Compatible Ink Refills 8513,"29,727.12 VND,435,096.76 VND",,
pen,Ballpoint Pen Refill Replacement Lead Press Pens Core Writing Tool,"66,961.07 VND,67,561.62 VND",,
pen,Rose Gold Crystalline Stardust Made With Swarovski Crystals Ballpoint Pen UK NEW,"119,809.26 VND",,
pen,PERSONALISED ENGRAVED PARKER JOTTER BALLPOINT PEN - SILVER - CHRISTMAS GIFT,"254,932.48 VND,1,771,315.21 VND",,
pen,16-32 Blue Red Black Retractable Ballpoint Pens Biros 1.0mm Ink Smooth Grip Tip,"119,809.26 VND,179,864.02 VND",,
pen,Shop on eBay,$20.00,,
pen,Parker IM RollerBall Pen Metallic Pursuit Fine Point Nib Black Ink Gift Boxed,"750,384.24 VND",,
pen,5/10/10pcs Student Ball-point Pen Short Spin Office School Teens Roller- E8G2,"26,386.21 VND,107,698.86 VND",,
pen,6pk Jumbo 10 in 1 Multi Colour Pens Retractable Ball Point Pen Drawing & Writing,"149,836.64 VND",,
pen,Parker Pen Jotter Blue Black Gel Ink Medium Point Gift Boxed Stainless Steel,"149,836.64 VND",,
pen,USA Personalized Ballpoint Metal Pen CustomizedLaser Name gift Business Pens,"220,476.19 VND,278,333.33 VND",,
pen,Bolt Action Pen Luxury Metal Ballpoint Pen for Writing Journaling Notetaking,"149,536.36 VND,162,448.14 VND",,
pen,Crushmetric Swtich Pen Intersting Shape Change Deformation Gel Pen,"426,190.48 VND,450,000.00 VND",,
pen,Creative Highlighters Gel Pen School Office Supplies Cute Gift BEST,"23,571.43 VND",,
pen,Diamond Head Crystal Ball Pen Concert Pen Ballpoint Pen Writing Stationery Gift,"24,232.24 VND",,
pen,3 in 1 LED Torch Ballpoint Stylus Pen Pens For Mobile Phone iPad iPhone Tab,"118,608.17 VND",,
pen,Porsche Rollerball Pen-Essential,"299,973.55 VND",,
pen,Fashion Sparkly Crown Ballpoint Pen Metal Pen Retractable for Women Teen Girls,"90,382.40 VND,90,682.69 VND",,
pen,PARKER JOTTER BALL POINT BALL PEN REFILLABLE CHOOSE BLACK / BLUE / RED + REFILL,"29,727.12 VND,208,690.31 VND",,
pen,Parker Urban Rollerball Pen Fine Black Nib Point Gift Boxed Premium Green,"600,247.33 VND",,
pen,16-32 Blue Red Black Retractable Ballpoint Pens Biros 1.0mm Ink Smooth Grip Tip,"119,809.26 VND,179,864.02 VND",,
pen,Parker Pen Jotter Red Rollerball Black Gel Ink Gift Boxed Stainless Steel,"149,836.64 VND",,
pen,Erasable Pen Creative Student Gel Pens Pens NEW Signature Supply School,"27,380.95 VND",,
pen,0.5 Black Gel Pen Full Matte Water Pens Writing Stationery Supply Office--- T1Q7,"24,523.81 VND",,
pen,1-50pcs 0.5 Black Gel Pen Full Matte Water Pens Writing Stationery Supply Office,"24,523.81 VND,274,523.81 VND",,
pen,"PARKER JOTTER ANTIMICROBIAL COPPER CION COATED STEEL BALLPOINT PEN, BLUE INK","259,285.71 VND",,
pen,"Luxury Rose Gold Soft Touch Personalised Ballpoint Pen, Christmas Gifts for her","101,792.83 VND",,
pen,Crystalline Ballpoint Pen Made With Swarovski Crystal Elements UK FAST & FREE,"119,809.26 VND",,
pen,for Fish-shaped Pen Ballpoint Pen Black/Blue Ink Color for Kid Class Re,"77,770.90 VND,78,972.02 VND",,
pen,Multi-color 6 in 1 Color Ballpoint Pen Ball Point Pens Kids School Office Supply,"47,380.95 VND",,
pen,Signature Business Ballpoint Pen Smooth Writing Office  School T1T1,"25,238.10 VND",,
pen,6 Rainbow Colour Stationery Refill Ink Highlighters Great DIY Pen Gel NEW,"23,571.43 VND",,
pen,With LED Light Capacitive Pen Ballpoint Pen Outdoor Tool Multi-function Pen,"110,500.76 VND,123,712.81 VND",,
pen,0.5mm Press Pen Black Gel Ink Pens School Students BEST Stationary M8L6 S2X0,"24,770.74 VND,35,720.12 VND",,
pen,Luxury MB163 Le Petit Prince Series Bright Red-Silver Signature Pen No Pen Box,"690,329.50 VND",,
pen,Creative Rifle Shape Black Ink Ballpoint Pen Stationery Office Ball Point AU,"28,130.71 VND",,
pen,Parker Urban Premium Rollerball Pen Fine Nib Silver Blue Gift Boxed Black Ink,"450,110.45 VND",,
pen,Parker IM Rollerball Pen Red Ignite Fine Point Chrome Nib Black Ink Gift Boxed,"600,247.33 VND",,
pen,Creative Mermaid Ballpoint Pen Fish Tail School Pens Ball Stationery,"28,899.19 VND",,
pen,Tactical Pen Self Defense Survival Military Emergency Gear Pen Glass Breaker.,"118,608.17 VND",,
pen,1pcs Ballpoint Pen Stationery Writing Students Match Ink Pens Blue Stick,"24,591.24 VND",,
pen,Fisher Space Pen - Black X- Mark Bullet Pen- Great Gadget Gift,"870,493.79 VND",,
pen,20Pcs Bead Ball Pen Bead Pens Multicolor Ballpoint Pen Beaded Pen for School,"288,333.33 VND",,
pen,1Pc Students Ball-point Pen Short Spin Office School Teens Roller Ball HOT,"23,571.43 VND",,
pen,PERSONALISED ENGRAVED PARKER JOTTER BALLPOINT PEN - SILVER - CHRISTMAS GIFT,"254,932.48 VND,1,771,315.21 VND",,
pen,Military Tactical Pen EDC Pro Self Emergency Glass Defence Survival Pen Tool UK,"119,809.26 VND",,
pen,0.5 Black Gel Pen Full Matte Water Pens Writing Stationery Supply Office---NICE,"24,047.62 VND",,
pen,Luxury Full Metal Ballpoint Pen Black Ink Gel Pen Stationery Office 1mm,"30,476.19 VND,31,904.76 VND",,
pen,,"259,523.81 VND",,
pen,2 IN 1 PEN WITH FAN NOVELTY BALLPOINT WRITING GIFT PORTABLE BATTERY b F01,"117,857.14 VND",,
pen,20 BLACK BALL POINT PEN REFILLS,"118,608.17 VND",,
pen,GENUINE PARKER CLASSIC GOLD BALL POINT PEN - GIFT BOX,"390,055.69 VND",,
pen,Stainless Steel Pen Ball Point Office Ballpoint Writing Student Stationery CHI,"41,643.55 VND",,
pen,"Genuine Sheaffer ""K"" Ballpoint Biro Refill. Fine Blue. Cheapest on Ebay!!","118,608.17 VND,899,320.07 VND",,
pen,Ballpoint Pen Refills Black Or Blue Parker Or Cross Compatible Ink Refills 8513,"29,727.12 VND,435,096.76 VND",,
pen,Parker Jotter Rollerball Pen Stainless Steel Silver with Gold Trim  Black Ink,"357,025.57 VND",,
pen,"MATADOR HI-SCHOOL BALLPOINT GEL INK- Black, Blue &Red Ink 12 PCS: Smooth Writing","90,082.14 VND,120,109.52 VND",,
pen,Quality Solid Brass Bolt Action Ball Point Pen Copper Art Craft Pocket EDC Gift,"99,991.19 VND,324,295.71 VND",,
pen,Racing Car Ballpoint Pen Funny Novelty Design Ball Pens Portable Creative NEW,"45,476.19 VND",,
pen,1X Black Gel Pen Full Matte Water Pen Writing Stationery Hot Supply Office D2E9,"25,668.24 VND",,
pen,Black Gel Pen Full Matte Water Pen Writing Stationery Supply HOT R6C8e.,"25,488.74 VND",,
pen,Black Or Blue Compatible Parker Ink Pen Refills G2 Ballpoint Pens 0.7mm Medium,"29,727.12 VND,450,110.45 VND",,
pen,6 in 1 Color Ballpoint Pen Ball Point Pens Kids Office NEW Multi-color NEW,"34,047.62 VND",,
pen,"Black Gel Pen Full Matte Water Pen Writing Stationery Supply Home Office Xc,","25,488.74 VND",,
pen,Porsche Design Rollerball Ballpoint Pen P'3110 Tec Flex StainlessSteel Japan,"4,309,523.81 VND",,
pen,SIGNATURE BUSINESS  BALLPOINT PENS SMOOTH WRITING OFFICE SCHOOLS-POR E1G9,"25,488.74 VND",,
pen,Shop on eBay,$20.00,,
pen,SIGNATURE BUSINESS  BALLPOINT PENS SMOOTH WRITING OFFICE SCHOOLS-POR E1G9,"25,488.74 VND",,
pen,"Personalised High Quality Pen With Your Message Engraved, Gift Boxed or In Pouch","89,781.88 VND,209,891.40 VND",,
pen,6x Stylus Ballpoint Pens 2-in-1 Multi Function Stylish Bling Crystal Diamond Ink,"238,717.69 VND",,
pen,5 in 1 Gadget Pen Multi Tool Pen Spirit Level Ruler Screwdriver Gift Fathers Day,"89,781.88 VND",,
pen,"Black Gel Pen Full Matte Water Pen Writing Stationery Supply Home Office Xc,","25,488.74 VND",,
pen,Creative Bolt Action Ballpoint Pen 1.0mm Black Ink for Boyfriend Husband Present,"149,236.10 VND,162,448.14 VND",,
pen,Student Ball-point Pen Short Spin Office School Teens Roller Ballpoint Pens 1pc,"26,027.21 VND",,
pen,Gel Pen Large Capacity Ball Gel Pen Fine Point (0.5 FAST BEST Mm) Ink .Newu K7G0,"25,238.10 VND,46,904.76 VND",,
pen,Genuine Parker Ball Pen Ballpoint Refill Quink Flow Medium X 5 Black,"209,891.40 VND",,
pen,Racing Car Ballpoint Pen Funny Novelty Design Ball Pens Portable Creative NEW,"45,476.19 VND",,
pen,SIGNATURE BUSINESS BALLPOINT PEN SMOOTH WRITING OFFICE SUPPLY SCHOOL.,"25,488.74 VND",,
pen,Luxury Full Metal Ballpoint Pen 1mm Black Ink Gel Pen Office FAST U3L4,"35,540.62 VND,36,617.62 VND",,
pen,Mini Metal Ballpoint Pen Rotating Pocket-size Pen Portable Ball Point Pen Small ,"158,571.43 VND",,
pen,Parker Pen Jotter Green Black Gel Ink Medium Point Gift Boxed Stainless Steel,"149,836.64 VND",,
pen,Personalized Ballpoint Pen School studying Gift Promotional Pen Birthday Gift,"50,746.29 VND,146,833.90 VND",,
pen,Asvine V126 Vacuum Filling Fountain Pen Matte Gray EF/F/M Nib Acrylic Pen,"678,571.43 VND,755,714.29 VND",,
pen,55 Pcs Erasable Gel Pens Set 0.5mm Fine Point Ballpoint Office Writing Supplies,"166,428.57 VND,261,666.67 VND",,
pen,Luxury Full Metal Ballpoint Pen 1mm Black Ink Gel Pen Office Writing Stationery,"38,333.33 VND",,
pen,2 x Genuine Parker Medium Fine Ball Point or Rollerball Pen Refill Blue or Black,"116,806.52 VND,119,809.26 VND",,
pen,Wrench Tool Ballpoint Pen Novelty School Office Gift Kid Toy Cute Stationery ,"24,950.24 VND",,
pen,Cool Rifle Shape Black Ink Ballpoint Pen Stationery Office Ball Point Kids Gift,"35,476.19 VND",,
pen,Mini Metal Ballpoint Pen Rotating Pocket-size Pen Portable Ball Point Pen Small,"190,238.10 VND",,
pen,3 x Parker Compatible Ballpoint Refill BLACK Biro Pens Medium Ball Pen Refills,"86,779.14 VND",,
pen,BMW Ballpoint Pen 2 pcs original swiss made Pen Motor Sports M,"344,047.62 VND",,
pen,Creative Color Changing Tulip Gel Pen Cute Flower Silicone Black Ink Pen 0.38mm,"47,380.95 VND",,
pen,0.5 Black Gel Pen Full Matte Water Pens Writing Stationery Supply Office,"24,523.81 VND",,
pen,GENUINE PARKER BALLPOINT REFILL BIRO MEDIUM BLACK BLUE SMOOTH WRITING QUINK FLOW,"59,754.48 VND,690,329.50 VND",,
pen,6 in 1 Color Ballpoint Pen Ball Point Pens Kid Office Multi-color NEW,"34,047.62 VND",,
pen,PERSONALISED ENGRAVED PARKER GALAXY PEN BALLPOINT-GIFTBOX- BLACK BLUE RED SILVER,"239,918.79 VND,420,083.07 VND",,
pen,Creative Highlighters Gel Pen School Office Supplies NN Gifts Cute .FAE0 Y8Q1,"24,950.24 VND",,
pen,"Stationery ballpoint pen, sand eraser, frosted eraser, ink pen eraser, matte","59,754.48 VND",,
pen,Selling Metal Gel Pen Student Office School Stationery Pen Ballpoint SALE new,"25,773.38 VND",,
pen,Metal Roller Ballpoint Pen Office Executive Signature Writing Pen Gift Classic,"225,714.29 VND",,
pen,7 in1 Multifunction Ballpoint Pen with Modern Handheld Tool Measure Technical,"144,761.90 VND,151,904.76 VND",,
pen,Diamond Crystal Writing Ballpoint Pen Bling Luxury Metal Top Ball Pens Gift Kids,"72,366.00 VND",,
pen,PARKER JOTTER 90s RETRO BALL POINT PEN BALL PEN WITH FREE GIFT BOX,"173,858.55 VND,990,603.31 VND",,
pen,Parker Sonnet Series 0.5 mm Nib Ballpoint Pen & Ink Refill & Gift Box U Pick,"134,822.95 VND,269,946.17 VND",,
pen,EDC Bolt Action Ballpoint Pocket Pen Retractable Business Write Smoothly for Men,"160,346.21 VND,172,957.71 VND",,
pen,Franklin Covey Bristol MINI Pink Ballpoint Pen,"214,047.62 VND",,
pen,Contemporary Professional Matte Black BALLPOINT PEN  -Parker vector lookalike,"116,806.52 VND",,
pen,Rotring 600 Series Oil Based Black Ballpoint Pen,"1,061,904.76 VND",,
pen,2022 SIGNATURE BUSINESS  BALLPOINT PENS SMOOTH WRITING OFFICE SCHOOLS PORTABLE,"23,334.76 VND",,
pen,Student Ball-point Pens Short Spin Office School Teens Roller Ball Supply,"23,571.43 VND",,
pen,10 Custom engraving Sleeker pens text pens Personalized pens FREE Shipping.,"218,095.24 VND,275,952.38 VND",,
pen,1pc Multifunctional Ballpoint Ball Point Pen With LED Flashlight Light X1X6,"30,238.10 VND",,
pen,Pen Office Ballpoint Writing Pens Stationery Study School Supplies Black Ink USA,"34,761.90 VND",,
pen,MUJI Gel Ink Ball Point Pen 0.5/0.38mm Non-toxic Pen MUJI Ballpoint Pen Colors ,"119,809.26 VND,330,000.93 VND",,
pen,Luxury Metal Rollerball Signature Pen for Business Writing Calligraphy School,"106,897.48 VND,110,801.05 VND",,
pen,Mercedes-Benz Limited Edition Black Pen with Stylist for Tablet or Smartphone MB,"142,619.05 VND",,
pen,ROLEX Original Novelty YG Metal Silver Ballpoint Pen Bule Inc No Box,"2,853,333.33 VND",,
pen,Luxury Bling Metal Ballpoint Pen 1.0mm Glitter Oil Flow Pens Office Supplies Sch,"88,881.05 VND,93,685.43 VND",,
pen,Fidget Pen By POLAR-Black Includes Stylus points,"267,857.14 VND",,
pen,Luxury Full Metal Ballpoint Pen 1mm Black Ink Gel PU0,"33,566.14 VND,35,899.62 VND",,
pen,BMW Ballpoint Pen 3 pcs original Prodir swiss made Pen M Freude am Fahren,"271,428.57 VND",,
pen,Muji Moma Gel Ink pen 0.5mm student pen Office pen Muji Press Ballpoint Pen,"149,836.64 VND,314,987.24 VND",,
pen,1/50/100/250/500 Personalised Engraved Metal Pens Wholesale Promotional Pen,"49,545.17 VND,9,787,424.83 VND",,
pen,Black Gel Pen Student Stationery School Office Supply Sign Pen S,"23,571.43 VND",,
pen,MUJI Erasable Gel Ink Ballpoint Pen 0.5mm 4 Color Select,"64,047.62 VND,211,428.57 VND",5.0 out of 5 stars.,7 product ratings
pen,"3 x FORBIDDEN PEN® cheat pen, cheating on exam, test, student, school set","711,904.76 VND",,
pen,Jinhao 5000 Rollerball Pen with Refill Dragon Pattern Red Golden Writing Pen,"503,571.43 VND",,
pen,Shop on eBay,$20.00,,
pen,Set of 8 Hauser Technica 0.7 Ball Pen Comfort Grip Long Lasting Red/Black/Blue,"88,580.79 VND",,
pen,New Titanium Mini Tactical Pen Key Chain Pendant Pocket EDC Tool Ballpoint pen,"428,333.33 VND",,
pen,Neuheit Matchstick Ballpoint Stift School Supplies Match Hot Pens Briefpapier H3,"20,587.29 VND",,
pen,SIGNATURE BUSINESS  BALLPOINT PENS SMOOTH WRITING OFFICE SCHOOLS-POR E3G7,"25,488.74 VND",,
pen,MUJI Erasable Gel Ink Ballpoint Pen 0.5mm 4 Color Select,"64,047.62 VND,211,428.57 VND",,
pen,Fire Dept Firefighter Heavy Weight Metal Ball Point Pen Set Red Box Fireman Gift,"439,047.62 VND",5.0 out of 5 stars.,13 product ratings
pen,NEW Office Ballpoint Writing Pen Stainless Steel Ball Point Stationery Pens - UK,"73,867.36 VND",,
pen,55 Pcs Erasable Gel Pens Set 0.5mm Fine Point Ballpoint Office Writing Supplies,"166,428.57 VND,261,666.67 VND",,
pen,Fisher Space Pen #SPR81 / Blue Rocket Pen with Blue Ink,"150,000.00 VND",,
pen,Golden Circle Parker Sonnet Series 0.5 mm Nib Ballpoint Pen/Blue Ink Quick Flow,"269,946.17 VND",,
pen,6pc Syringe Highlighters Pen Marker Needle Ball Point Nurse Hospital HOT,"95,000.00 VND",,
pen, New High Quality BAOER 37 stainless steel Push Ball Point Pen,"98,489.81 VND",,
pen,Misprint Pens 50 pcs Ball Point Ink Wholesale Lot Bic Round Stic Style Black Cap,"214,047.62 VND",,
pen,PERSONALISED ENGRAVED PARKER GALAXY PEN BALLPOINT-GIFTBOX- BLACK BLUE RED SILVER,"239,918.79 VND,420,083.07 VND",,
pen,Luxury Snake Series White Color Silver Clip 0.7mm Black Ink Refill Ballpoint Pen,"634,047.62 VND",,
pen,Parker IM Ballpoint Pen Premium Dark Violet Purple Medium Point Nib Blue Ink,"450,110.45 VND",,
pen,15.4cm Metal Gel Pen Student School Office Stationery Ballpoint pen V0O3,"25,952.38 VND",,
pen,MERCEDES-BENZ ROLLERBALL PEN BOXED,"179,864.02 VND",,
pen,1X Students Ball-point Pen Short Spin Office School Teens Roller Ball，u,"24,761.90 VND",,
pen,Practical Solid Aluminum Alloy Gel Ink Pen Retro Bolt Action Writing Tool Supply,"201,483.74 VND,202,985.10 VND",,
pen,Rolex pen,"928,571.43 VND",,
pen,PERSONALISED ENGRAVED PARKER CLASSIC STAINLESS STEEL SILVER BALL POINT PEN -GIFT,"360,028.31 VND,390,055.69 VND",,
pen,Student Ball-point Pen Short Spin Office School Teens Pens Roller 1pc H9C6,"25,129.74 VND",,
pen,ORIGINAL CRISTAL MEDIUM BALLPOINT PENS BALL POINT BIROS PINK PURPLE LIME ,"38,735.33 VND,254,932.48 VND",,
pen,Tactical Pen Self Defense Survival Military Emergency Gear Pen Glass Breaker,"118,608.17 VND",,
pen,Signature Pen Metal Roller Ballpoint Office Executive Business Gift,"182,857.14 VND",,
pen,Gel Pen Large Capacity Ball Gel Pen Fine Point- (0.5 Black/Red/Blue Ink Mm) Z8J0,"24,761.90 VND,46,428.57 VND",,
pen,0.5mm Press Pen Black Gel Ink Pens School Students HOT Stationary I2I1sde.,"24,950.24 VND,37,335.60 VND",,
pen,"Montegrappa, Parola Black, BallPoint, NEW, big stock","2,071,428.57 VND",,
pen,"SWAROVSKI CRYSTAL CRYSTALLINE BALLPOINT PEN REFILL INK-BLACK BLUE RED-3,4,5,6,10","59,754.48 VND,128,817.48 VND",,
pen,Personalised Engraved Wooden Black Ballpoint Pen  | Gift ,"239,918.79 VND",,
pen,6 Rainbow Colour Stationery Refill Ink Highlighters Great Gel Pen DIY Hot.,"23,809.52 VND",,
pen,3 x Parker Compatible Ballpoint Refill BLACK Biro Pens Medium Ball Pen Refills,"86,779.14 VND",,
pen,"Erasable Gel Pen Refill Rod 0.5mm Blue/Black Ink Pen Handle Washable U8T5c,","24,950.24 VND,25,309.24 VND",,
pen,Retro 51  #VRR-1701 / Black Stealth Tornado Rollerball Pen ,"647,619.05 VND",,
pen,ONE PIECE Change Face Ball Point Pen Ink Color Black Japan,"306,904.76 VND,442,619.05 VND",,
pen,2PCS Luxury Full Metal Ballpoint Pen 1mm Black Ink Gel Pen Stationery Office,"47,619.05 VND,51,666.67 VND",,
pen,"PROMOTIONAL Luxury Designer ballpoint pen with BREITLING Logo , Gift , Present","510,165.21 VND",,
pen,20 Papermate Inkjoy Ballpoint Pens Medium Point Smooth Ink Assorted Colours,"105,095.83 VND",,
pen,Parker Pen Jotter Yellow Black Gel Ink Medium Point Gift Boxed Stainless Steel,"149,836.64 VND",,
pen,Think Ink Pen Stainless Steel Stress Relief Fidget,"238,095.24 VND",,
pen,for  Fish Pen Ballpoint Pens Lovely Fish Pen for Fish Pen Party Decorati,"83,476.12 VND,84,076.67 VND",,
pen,MAJOHN A2 Press Fountain Pen Retractable EF Nib Resin Writing Office Ink Pen,"656,904.76 VND",,
pen,Pen-Go Ultem Pen by Maratac - Limited Production,"2,380,952.38 VND",,
pen,Black Forest Parker Urban Series Fine Nib Ballpoint Pen/Biro pen Blue Ink Refill,"269,946.17 VND",,
pen,6129 Pilot Ballpoint Pen Custom NOS Made in Japan,"951,190.48 VND",,
pen,Personalised Teacher Wooden Bamboo Pen Dad Mum Father Mother Grandad Nanny Gift,"60,054.76 VND",,
pen,"Muji Gel Ink Ballpoint Pen Refills, Blue , 0.38mm, Pack of 6 - For Muji Gel Ink","142,619.05 VND",,
pen,Novelty Mickey Minnie Mouse Pen,"59,754.48 VND",,
pen,Mini Pocket-size Ballpoint Pen Metal Rotating Small Portable Oil Blue Cute Pen,"38,333.33 VND",,
pen,10 Personalised Engraved Metal Pens Wholesale Promotional Pen;,"212,293.60 VND,247,125.36 VND",,
pen,Mini Metal Ballpoint Pen With 2 Refills Short Fat Shape Business Writing Pen,"190,238.10 VND,452,142.86 VND",,
pen,"Vera Bradley Ball Point Pen, Rosa Floral, Black Ink, New In Box, Metal","499,761.90 VND",,
pen,"10 BALL POINT PENS  MISPRINTS POCKET CLIP RETRACTABLE, HOME, SCHOOL , OFFICE","70,238.10 VND",,
pen,NEW Wooden Animal Handmade Gel Pen Writing Pen Kids School Stationery Gift ,"42,857.14 VND,66,666.67 VND",,
pen,Multi-color 6 in 1 Color Ballpoint Pen Ball Point Pens Kids School Office Supply,"32,309.67 VND",,
pen,10 x Picasso Crystal Needle Point  Ballpoint Pen 0.8 mm Retractable Black Ink,"59,754.48 VND",,
pen,Pocket Pen Short Mini Gel Pen Portable Ballpoint Pen Quick-drying Signature Pen,"204,285.71 VND",,
pen,Black Gel Pen Full Matte Water Pen Writing Stationery Office F0O2,"21,215.90 VND",,
pen,5 PARKER COMPATIBLE LIQUID GEL INK / REFILL -Ballpoint Pens - BLACK BLUE RED,"89,781.88 VND,119,809.26 VND",,
pen,Shop on eBay,$20.00,,
pen,Gel Pen Large Capacity Ball Gel Pen Fine Point- (0.5 Mm) Black/Red/Blue Ink X3A6,"27,380.95 VND,50,952.38 VND",,
pen,PARKER COMPATIBLE BALL POINT PEN REFILL INK - FINE BLACK X12,"143,831.17 VND",,
pen,PERSONALISED ENGRAVED PARKER JOTTER BALLPOINT PEN- BLACK - CHRISTMAS GIFT,"203,885.93 VND,1,501,068.79 VND",,
pen,Cross X Crimson Red Rollerball Pen Chrome Appointments Gift Boxed Black Gel Ink,"750,384.24 VND",,
pen,PARKER COMPATIBLE BALL POINT PEN REFILL INK - MEDIUM BLACK X12,"119,809.26 VND",,
pen,Ball Point Pens Medium Biros - Black Red Blue - Cheap Ballpoint Pens,"29,727.12 VND,299,973.55 VND",,
pen,10 x Cross Compatible Refills Black Or Blue Ink Pen Refills 8513 Ballpoint Pens ,"143,831.17 VND",,
pen,Black Gel Pen 0.5mm Full Matte Water Writing Pens Stationery Supply NICE,"23,571.43 VND",,
pen,30 pcs 0.7mm Black Ink Ballpoint Pen Refill School Office Supplies Retractable,"106,597.21 VND",,
pen,Personalised Engraved Metal Ballpoint Pen - Promotional Pens,"59,454.21 VND,119,508.98 VND",,
pen,2 Pack Genuine Parker Ballpoint Refill BLACK Biro Fine Quink Flow Ball Pen,"113,803.79 VND",,
pen,Parker Pen Refill Genuine Ball Point or Roller Ball Medium Fine Blue or Black UK,"86,779.14 VND,89,781.88 VND",,
pen,Cross Satin Chrome Ballpoint Pen in Presentation Case,"480,137.83 VND",,
pen,Body Pen Calligraphy Parallel Pen Caligraphy Pens Duckbill Pen Fountain Pen,"67,861.88 VND,68,762.71 VND",,
pen,"Personalised Engraved PARKER JOTTER Ballpoint Pens, Pen Sets Gift Boxed UK Stock","89,781.88 VND,870,493.79 VND",,
pen,Asvine P20 Piston Resin Fountain Pen EF/F/M Nib Smooth Writing Office Gift Pen,"642,619.05 VND,777,619.05 VND",,
pen,Uni MITSUBISHI PURE MALT PREMIUM EDITION Ballpoint Multi Pen 4 Type 0.7mm Japan,"473,333.33 VND,2,261,428.57 VND",,
pen,"10PCS Custom Personalized Engraved Pen, Business Pens, Gift Pens, Pen Gift","220,476.19 VND,278,333.33 VND",,
pen,Excellent Stainless Steel Parker Pen Sonnet Series Ballpoint Pen/Biros Blue Ink ,"242,921.52 VND",,
pen,10 Terzetti Model AERO Metal GREY/CT Click Top Ballpoint Pen,"237,857.14 VND",,
pen,0.5mm Press Pen Black Gel Ink Pens School Students BEST Stationary M8L6 S2X0,"24,770.74 VND,35,720.12 VND",,
pen,Durable Metal Ballpoint Pen Black Ink Gel Pen Office Student Writing Stationery,"32,309.67 VND",,
pen,30pcs Gel Pen Set School Supplies Black Blue Red Ink Color 0.5mm Ballpoint Pen K,"118,809.52 VND,142,619.05 VND",,
pen,Metal Luxury Fountain Pen Office Executive Signature Writing Pen Gift Classic,"201,904.76 VND",,
pen,MultiColor 6 in 1 Color Ballpoint Pen Ball Point Pens Kids School Office Supply,"33,571.43 VND",,
pen,MUJI Gel Ink Ball Point Pen 0.5/0.38mm Non-toxic Pen MUJI Ballpoint Pen Colors ,"119,809.26 VND,330,000.93 VND",,
pen,"Fashion Metal Ball Pen Ballpoint Color Pens 2022 Newxpcsdsc,","40,207.57 VND,41,464.07 VND",,
pen,10 Personalised Engraved Metal Pens Wholesale Promotional Pen;ROSE GOLD-,"230,009.74 VND",,
pen,"D1 Swarovski Crystal Ballpoint Pen Refills Black Or Blue Ink Pen 1, 5, 10, 20  ","29,727.12 VND,360,028.31 VND",,
pen,LAMY safari Rollerball Pen Starbucks Green - Chinese Market Exclusive,"1,021,428.57 VND",,
pen,Genuine Parker BALL POINT / ROLLERBALL Refill Medium Fine BLACK /BLUE UK,"59,754.48 VND,720,356.88 VND",,
pen,Luxury Full Metal Ballpoint Pen 1mm Black Ink Gel PK6 O3A8,"33,925.14 VND,37,694.60 VND",,
pen,Original Skoda Ballpoint Pen iV 000087210BE,"272,619.05 VND",,
pen,"PROMOTIONAL Luxury Designer ballpoint pen with CHANEL Logo , Gift , Present ","480,137.83 VND",,
pen,"Matador 0.5mm rubberized black ink oil gel penpacks (12 pack, single or 6 pack)","53,749.02 VND,331,802.57 VND",,
pen,UNION JACK PEN School Office Souvenir London Great Britain England Ball Point,"59,754.48 VND",,
pen,1PCS SIGNATURE BUSINESS BALLPOINT PEN SMOOTH WRITING SUPPLY SCHOOL OFFICE NEW,"25,476.19 VND",,
pen,2x Panda Gel Pen Kawaii Stationery Pens Novelty Cartoon Black Ink For Students,"80,473.38 VND",,
pen,0.5mm Press Pen Black Gel Ink Pens School Students BEST Stationary M8B5 R3T2,"25,309.24 VND,37,156.10 VND",,
pen,"Asvine P36 Piston Fountain Pen Bock/ Asvine Nib, Titanium & Acrylic Writing Pen","1,071,190.48 VND,1,309,523.81 VND",,
pen,Promotional Personalised Laser Engraved Metal Ballpoint Stylus Pen!,"52,547.93 VND,113,803.79 VND",,
pen,Herbetika multifunctional pen (black),"1,054,523.81 VND",,
pen,2 x Parker Compatible Ballpoint Pen Refill SUPER BROAD 3 Colours - Monteverde,"265,742.33 VND",,
pen,Personalised Pen Ballpen Birthday Gift for Dad Mum Nanny Grandad Auntie Teacher,"59,754.48 VND,126,115.00 VND",,
pen,Multi-color 6 in 1 Color Ballpoint Pen Ball Point Pens Kids School Office Supply,"95,000.00 VND,475,952.38 VND",,
pen,Multifunction Mini Ballpoint Pen Metal Screwdriver Tool Touch Screen Keychain,"64,285.71 VND",,
pen,design MUJI Gel Ink Ball Point Pen 0.38 mm 9colors made in japan anime manga,"350,000.00 VND",,
pen,Set School Office Supply Butterfly Mermaid Ballpoint Pen Rollerball Pen Animal,"68,462.43 VND",,
pen,2Pcs Cute Fruits Gel Pen Ballpoint Black Ink Student School Stationery Gift,"32,142.86 VND",,
pen,Parker Ball Point Pen Ink Refill Medium Black X 4,"149,836.64 VND",,
pen,PENBBS495 Piston Resin Fountain Pen ink Pen Blade F(0.5mm) Nib With Gift BOX,"855,238.10 VND,879,285.71 VND",,
pen,5 IN 1Bubble Ballpoint Pen Children Toys Seal Roller With Pen Stamp 2022 M 6y3w,"75,368.71 VND,79,872.83 VND",,
pen,Set of 6 Beautiful Custom Handcrafted Wooden Ballpoint Pens New (010,"179,864.02 VND",,
pen,Students Ball-point Pen Short Spin Office School Teens Roller Balls new TOP,"23,571.43 VND",,
pen,0.7mm Blue Black Red Ink Retractable Pen Refills Ballpoint Student Stationery,"56,751.76 VND,131,820.21 VND",,
pen,Students Ball-point Pen Short Spin Office School Supplies,"23,809.52 VND",,
pen,Art Ink Pen Calligraphy Parallel Pen Duckbill Pen Caligraphy Pens Fountain Pen,"72,366.00 VND",,
pen,PENBBS495 Resin Piston Fountain Pen Chrome Plating Blade F Nib With BOX ink Pen,"855,000.00 VND,880,714.29 VND",,
pen,Luxury Bohemia Resin Series Bright Black Silver Clip 0.7mm Mini Ballpoint Pen,"685,476.19 VND",,
pen,Genuine Parker Medium Fine Ball point Pen or Rollerball Refill - Blue Black x2 ,"119,508.98 VND,149,836.64 VND",,
